{"initial_reset_timestamp": 281505.182422095, "timestamps": [281508.564950308], "episode_lengths": [199], "episode_rewards": [199.0], "episode_types": ["e"]}